[
    {
        "id": "6894558a28125",
        "name": "boAt Nirvana Ion, 120HRS Battery, Crystal Bionic Sound w\/Dual EQ Modes, 4Mics ENx, App Support, Low Latency, IPX4, v.5.2 Bluetooth Earbuds, TWS Ear Buds Wireless Earphones with mic (Charcoal Black)",
        "color": "",
        "size": "",
        "storage": "",
        "selling_price": "159",
        "mrp": "1699",
        "fetaures": "",
        "img1": "https:\/\/m.media-amazon.com\/images\/I\/81-TGXuOMAL._SL1500_.jpg",
        "img2": "https:\/\/m.media-amazon.com\/images\/I\/71WIMENGRxL._SL1500_.jpg",
        "img3": "https:\/\/m.media-amazon.com\/images\/I\/61EsMs13v+L._SL1500_.jpg",
        "img4": "https:\/\/m.media-amazon.com\/images\/I\/71Zs-wyM70L._SL1500_.jpg",
        "img5": "https:\/\/m.media-amazon.com\/images\/I\/719wyVfK-0L._SL1500_.jpg",
        "disp_order": "0",
        "from_csv": 0,
        "verients": []
    },
    {
        "id": "689455a78679c",
        "name": "boAt Nirvana Ion ANC Pro, Hi-Res Audio LDAC,ANC(~32dB), 120Hrs Battery, App Support, Fast Charge, v5.3 Bluetooth TWS in Ear Earbuds Wireless Earphones with mic (Blazing Comet)",
        "color": "",
        "size": "",
        "storage": "",
        "selling_price": "149",
        "mrp": "2499",
        "fetaures": "",
        "img1": "https:\/\/m.media-amazon.com\/images\/I\/718wqm5-6rL._SL1500_.jpg",
        "img2": "https:\/\/m.media-amazon.com\/images\/I\/71Y-Q9WqSXL._SL1500_.jpg",
        "img3": "https:\/\/m.media-amazon.com\/images\/I\/71siyFTxWKL._SL1500_.jpg",
        "img4": "https:\/\/m.media-amazon.com\/images\/I\/6139hjzw5xL._SL1500_.jpg",
        "img5": "https:\/\/m.media-amazon.com\/images\/I\/71n-PEPSNsL._SL1500_.jpg",
        "disp_order": "0",
        "from_csv": 0,
        "verients": []
    },
    {
        "id": "689455bc9a901",
        "name": "boAt Nirvana Ion ANC, Active Noise Cancellation(~32dB), 120Hrs Battery, App Support, Crystal Bionic Sound, 4Mics ENx, v5.3 Bluetooth Earbuds, TWS Ear Buds Wireless Earphones with mic (Blazing Comet)",
        "color": "",
        "size": "",
        "storage": "",
        "selling_price": "130",
        "mrp": "1899",
        "fetaures": "",
        "img1": "https:\/\/m.media-amazon.com\/images\/I\/81Y1BfKKwGL._SL1500_.jpg",
        "img2": "https:\/\/m.media-amazon.com\/images\/I\/81HV23DuKBL._SL1500_.jpg",
        "img3": "https:\/\/m.media-amazon.com\/images\/I\/71mfRSHEjaL._SL1500_.jpg",
        "img4": "https:\/\/m.media-amazon.com\/images\/I\/61j-eh7FBfL._SL1500_.jpg",
        "img5": "https:\/\/m.media-amazon.com\/images\/I\/713hLa7o+5L._SL1500_.jpg",
        "disp_order": "0",
        "from_csv": 0,
        "verients": []
    },
    {
        "id": "689455cc4c756",
        "name": "boAt Nirvana Ion ANC, Active Noise Cancellation(~32dB), 120Hrs Battery, App Support, Crystal Bionic Sound, 4Mics ENx, v5.3 Bluetooth TWS in Ear Earbuds Wireless Earphones with mic (Quartz White)",
        "color": "",
        "size": "",
        "storage": "",
        "selling_price": "169",
        "mrp": "1899",
        "fetaures": "",
        "img1": "https:\/\/m.media-amazon.com\/images\/I\/71HIRo7xwHL._SL1500_.jpg",
        "img2": "https:\/\/m.media-amazon.com\/images\/I\/71lP2jBdAaL._SL1500_.jpg",
        "img3": "https:\/\/m.media-amazon.com\/images\/I\/71qNCDptz5L._SL1500_.jpg",
        "img4": "https:\/\/m.media-amazon.com\/images\/I\/71aTrrW4eLL._SL1500_.jpg",
        "img5": "https:\/\/m.media-amazon.com\/images\/I\/71Ia1P7zO1L._SL1500_.jpg",
        "disp_order": "0",
        "from_csv": 0,
        "verients": []
    },
    {
        "id": "689455d96e508",
        "name": "OnePlus Nord Buds 2r True Wireless in Ear Earbuds with Mic, 12.4mm Drivers, Playback:Upto 38hr case,4-Mic Design, IP55 Rating [ Misty Grey ]",
        "color": "",
        "size": "",
        "storage": "",
        "selling_price": "129",
        "mrp": "1549",
        "fetaures": "",
        "img1": "https:\/\/m.media-amazon.com\/images\/I\/51raakZN9fL._SL1500_.jpg",
        "img2": "https:\/\/m.media-amazon.com\/images\/I\/41YSEyQBz7L._SL1500_.jpg",
        "img3": "https:\/\/m.media-amazon.com\/images\/I\/51Yx1TsWZyL._SL1500_.jpg",
        "img4": "https:\/\/m.media-amazon.com\/images\/I\/51WZxcWqjzL._SL1500_.jpg",
        "img5": "https:\/\/m.media-amazon.com\/images\/I\/51ZM-O7ca6L._SL1500_.jpg",
        "disp_order": "0",
        "from_csv": 0,
        "verients": []
    },
    {
        "id": "689455f1683d5",
        "name": "Noise Buds N1 Pro in Ear Truly Wireless Earbuds with Metallic Finish, ANC(Upto 30Db), 60H of Playtime, Dual Pairing, Instacharge(10 Min=200 Min), BT V5.3(Chrome Beige)",
        "color": "",
        "size": "",
        "storage": "",
        "selling_price": "159",
        "mrp": "1499",
        "fetaures": "",
        "img1": "https:\/\/m.media-amazon.com\/images\/I\/612FzKUOH1L._SL1500_.jpg",
        "img2": "https:\/\/m.media-amazon.com\/images\/I\/710eo6S+R4L._SL1500_.jpg",
        "img3": "https:\/\/m.media-amazon.com\/images\/I\/61AJz8OulOL._SL1500_.jpg",
        "img4": "https:\/\/m.media-amazon.com\/images\/I\/61RMKHIhAxL._SL1500_.jpg",
        "img5": "https:\/\/m.media-amazon.com\/images\/I\/71wJi7bMs2L._SL1500_.jpg",
        "disp_order": "0",
        "from_csv": 0,
        "verients": []
    },
    {
        "id": "689456045db7a",
        "name": "Probuds N31 Wireless Bluetooth Neckband (with Mic) | 45+ hrs Playtime | ENC | 12 hrs Fast Charge in 10 mins | Water Resistant (IPX6) | BT V5.3 | 60 ms Low Latency | Dual Device Pairing (Wild Red)",
        "color": "",
        "size": "",
        "storage": "",
        "selling_price": "99",
        "mrp": "999",
        "fetaures": "",
        "img1": "https:\/\/m.media-amazon.com\/images\/I\/51Tp2gbo-aL._SL1000_.jpg",
        "img2": "https:\/\/m.media-amazon.com\/images\/I\/61lg7CdpofL._SL1000_.jpg",
        "img3": "https:\/\/m.media-amazon.com\/images\/I\/61Wantp6LtL._SL1000_.jpg",
        "img4": "https:\/\/m.media-amazon.com\/images\/I\/61PYUbKxVUL._SL1000_.jpg",
        "img5": "https:\/\/m.media-amazon.com\/images\/I\/6181EoR7sKL._SL1000_.jpg",
        "disp_order": "0",
        "from_csv": 0,
        "verients": []
    },
    {
        "id": "6894566b9381e",
        "name": "Apple 20W USB-C Power Adapter (for iPhone, iPad &amp; AirPods)",
        "color": "",
        "size": "",
        "storage": "",
        "selling_price": "259",
        "mrp": "1999",
        "fetaures": "",
        "img1": "https:\/\/m.media-amazon.com\/images\/I\/41x35W2DspS._SL1500_.jpg",
        "img2": "https:\/\/m.media-amazon.com\/images\/I\/61vtLhO6fDL._SL1500_.jpg",
        "img3": "https:\/\/m.media-amazon.com\/images\/I\/61FbIIF5ptL._SL1500_.jpg",
        "img4": "https:\/\/m.media-amazon.com\/images\/I\/61zIwncQXKL._SL1500_.jpg",
        "img5": "",
        "disp_order": "0",
        "from_csv": 0,
        "verients": []
    },
    {
        "id": "68945677df080",
        "name": "New Apple AirTag",
        "color": "",
        "size": "",
        "storage": "",
        "selling_price": "189",
        "mrp": "2899",
        "fetaures": "",
        "img1": "https:\/\/m.media-amazon.com\/images\/I\/71L5lSfJIPS._SL1500_.jpg",
        "img2": "https:\/\/m.media-amazon.com\/images\/I\/71eHqIb5SMS._SL1500_.jpg",
        "img3": "https:\/\/m.media-amazon.com\/images\/I\/61qL1yrQJiS._SL1500_.jpg",
        "img4": "https:\/\/m.media-amazon.com\/images\/I\/91ERto8K4+S._SL1500_.jpg",
        "img5": "https:\/\/m.media-amazon.com\/images\/I\/8172u3rUhxS._SL1500_.jpg",
        "disp_order": "0",
        "from_csv": 0,
        "verients": []
    },
    {
        "id": "68945690dcf1b",
        "name": "Apple AirPods Max Wireless Over-Ear Headphones, Pro-Level Active Noise Cancellation, Transparency Mode, Personalised Spatial Audio, USB-C Charging, Bluetooth Headphones for iPhone - Purple",
        "color": "",
        "size": "",
        "storage": "",
        "selling_price": "489",
        "mrp": "59990",
        "fetaures": "",
        "img1": "https:\/\/m.media-amazon.com\/images\/I\/71n0hFVzhjL._SL1500_.jpg",
        "img2": "https:\/\/m.media-amazon.com\/images\/I\/71j3WqqU7WL._SL1500_.jpg",
        "img3": "https:\/\/m.media-amazon.com\/images\/I\/71GhDorcP3L._SL1500_.jpg",
        "img4": "https:\/\/m.media-amazon.com\/images\/I\/71hPmZhk4XL._SL1500_.jpg",
        "img5": "https:\/\/m.media-amazon.com\/images\/I\/71K00ult7mL._SL1500_.jpg",
        "disp_order": "0",
        "from_csv": 0,
        "verients": []
    },
    {
        "id": "689456bd9294f",
        "name": "Apple AirPods 4 Wireless Earbuds, Bluetooth Headphones, Personalised Spatial Audio, Sweat and Water Resistant, USB-C Charging Case, H2 Chip, Up to 30 Hours of Battery Life, Effortless Setup for iPhone",
        "color": "",
        "size": "",
        "storage": "",
        "selling_price": "359",
        "mrp": "11499",
        "fetaures": "",
        "img1": "https:\/\/m.media-amazon.com\/images\/I\/61oCISLE+PL._SL1500_.jpg",
        "img2": "https:\/\/m.media-amazon.com\/images\/I\/51pOjb8cWPL._SL1500_.jpg",
        "img3": "https:\/\/m.media-amazon.com\/images\/I\/71c1ABI5GAL._SL1500_.jpg",
        "img4": "https:\/\/m.media-amazon.com\/images\/I\/61dRXwzEBqL._SL1500_.jpg",
        "img5": "https:\/\/m.media-amazon.com\/images\/I\/715J6Hx8xyL._SL1500_.jpg",
        "disp_order": "0",
        "from_csv": 0,
        "verients": []
    },
    {
        "id": "689456d8c3bcd",
        "name": "OnePlus Buds 3 in Ear TWS Bluetooth Earbuds with Upto 49dB Smart Adaptive Noise Cancellation,Hi-Res Sound Quality,Sliding Volume Control,10mins for 7Hours Fast Charging with Upto 44Hrs Playback(Gray)",
        "color": "",
        "size": "",
        "storage": "",
        "selling_price": "140",
        "mrp": "4709",
        "fetaures": "",
        "img1": "https:\/\/m.media-amazon.com\/images\/I\/51h7CQTRJ1L._SL1500_.jpg",
        "img2": "https:\/\/m.media-amazon.com\/images\/I\/518JdWAXvJL._SL1500_.jpg",
        "img3": "https:\/\/m.media-amazon.com\/images\/I\/51wXDR0u4uL._SL1500_.jpg",
        "img4": "https:\/\/m.media-amazon.com\/images\/I\/41EpveO7uQL._SL1500_.jpg",
        "img5": "https:\/\/m.media-amazon.com\/images\/I\/61XHerhMdaL._SL1500_.jpg",
        "disp_order": "0",
        "from_csv": 0,
        "verients": []
    },
    {
        "id": "68945c7613237",
        "name": "JBL Live Beam 3, Hi-Res LDAC Audio ANC TWS, SmartCase,48H Runtime, Wireless Charging Bluetooth Price in India - Buy JBL Live Beam 3, Hi-Res LDAC Audio ANC TWS, SmartCase,48H Runtime, Wireless Charging Bluetooth Online - JBL : Flipkart.com",
        "color": "",
        "size": "",
        "storage": "",
        "selling_price": "199",
        "mrp": "11499",
        "fetaures": "",
        "img1": "http:\/\/rukmini1.flixcart.com\/image\/416\/416\/xif0q\/headphone\/y\/e\/n\/live-beam-3-jbl-original-imahfd7aa3frvfwu.jpeg?q=70",
        "img2": "http:\/\/rukmini1.flixcart.com\/image\/416\/416\/xif0q\/headphone\/h\/g\/p\/-original-imahfu7dhjmcsa3y.jpeg?q=70",
        "img3": "http:\/\/rukmini1.flixcart.com\/image\/416\/416\/xif0q\/headphone\/r\/e\/h\/-original-imahfu7dhq8znnhh.jpeg?q=70",
        "img4": "http:\/\/rukmini1.flixcart.com\/image\/416\/416\/xif0q\/headphone\/p\/c\/r\/-original-imahfu7dxcndarkd.jpeg?q=70",
        "img5": "http:\/\/rukmini1.flixcart.com\/image\/416\/416\/xif0q\/headphone\/w\/w\/e\/-original-imahfu7d8mmv56zk.jpeg?q=70",
        "disp_order": "0",
        "from_csv": 0,
        "verients": []
    },
    {
        "id": "68945ca358261",
        "name": "OnePlus Buds 4 55dB ANC, 45 hrs Playback, Dual Drivers with Dual DACs, 3D Audio Bluetooth Price in India - Buy OnePlus Buds 4 55dB ANC, 45 hrs Playback, Dual Drivers with Dual DACs, 3D Audio Bluetooth Online - OnePlus : Flipkart.com",
        "color": "",
        "size": "",
        "storage": "",
        "selling_price": "159",
        "mrp": "5599",
        "fetaures": "",
        "img1": "http:\/\/rukmini1.flixcart.com\/image\/416\/416\/xif0q\/headphone\/a\/t\/r\/-original-imahdq3gxyzzxz75.jpeg?q=70",
        "img2": "http:\/\/rukmini1.flixcart.com\/image\/416\/416\/xif0q\/headphone\/1\/q\/4\/-original-imahdypggxqz7ysv.jpeg?q=70",
        "img3": "http:\/\/rukmini1.flixcart.com\/image\/416\/416\/xif0q\/headphone\/x\/w\/c\/-original-imahdq3gz4xnyrtj.jpeg?q=70",
        "img4": "http:\/\/rukmini1.flixcart.com\/image\/416\/416\/xif0q\/headphone\/k\/r\/a\/-original-imahdg8cvyz76pcj.jpeg?q=70",
        "img5": "http:\/\/rukmini1.flixcart.com\/image\/416\/416\/xif0q\/headphone\/q\/1\/h\/-original-imahdg8cfggcryrg.jpeg?q=70",
        "disp_order": "0",
        "from_csv": 0,
        "verients": []
    },
    {
        "id": "68945ceb54bdf",
        "name": "TRIGGR Kraken X3 with RGB Lights, 40ms Latency, Quad ENC, Rapid Pair, 40H Battery, v5.3 Bluetooth Price in India - Buy TRIGGR Kraken X3 with RGB Lights, 40ms Latency, Quad ENC, Rapid Pair, 40H Battery, v5.3 Bluetooth Online - TRIGGR : Flipkart.com",
        "color": "",
        "size": "",
        "storage": "",
        "selling_price": "199",
        "mrp": "3999",
        "fetaures": "",
        "img1": "http:\/\/rukmini1.flixcart.com\/image\/416\/416\/xif0q\/headphone\/8\/h\/p\/-original-imaguez3e6hzysrh.jpeg?q=70&crop=false",
        "img2": "http:\/\/rukmini1.flixcart.com\/image\/416\/416\/xif0q\/headphone\/r\/b\/n\/-original-imaguxgjy4zkxeje.jpeg?q=70&crop=false",
        "img3": "http:\/\/rukmini1.flixcart.com\/image\/416\/416\/xif0q\/headphone\/u\/z\/w\/-original-imagu6u92fenhuug.jpeg?q=70&crop=false",
        "img4": "http:\/\/rukmini1.flixcart.com\/image\/416\/416\/xif0q\/headphone\/d\/q\/d\/-original-imagu6u9yytvwbcx.jpeg?q=70&crop=false",
        "img5": "http:\/\/rukmini1.flixcart.com\/image\/416\/416\/xif0q\/headphone\/b\/t\/x\/-original-imagu6u9cx3eprd9.jpeg?q=70&crop=false",
        "disp_order": "0",
        "from_csv": 0,
        "verients": []
    },
    {
        "id": "68945d63d3f96",
        "name": "Apple AirPods 4 Wireless Earbuds with Active Noise Cancellation, Adaptive Audio Bluetooth Price in India - Buy Apple AirPods 4 Wireless Earbuds with Active Noise Cancellation, Adaptive Audio Bluetooth Online - Apple : Flipkart.com",
        "color": "",
        "size": "",
        "storage": "",
        "selling_price": "199",
        "mrp": "16690",
        "fetaures": "",
        "img1": "http:\/\/rukmini1.flixcart.com\/image\/416\/416\/xif0q\/headphone\/i\/p\/p\/-original-imah9a3tahjtnyd8.jpeg?q=70&crop=false",
        "img2": "http:\/\/rukmini1.flixcart.com\/image\/416\/416\/xif0q\/headphone\/h\/k\/g\/-original-imah4jvf79j6xdtd.jpeg?q=70&crop=false",
        "img3": "http:\/\/rukmini1.flixcart.com\/image\/416\/416\/xif0q\/headphone\/1\/z\/k\/-original-imah4jvftvzjn8zv.jpeg?q=70&crop=false",
        "img4": "http:\/\/rukmini1.flixcart.com\/image\/416\/416\/xif0q\/headphone\/k\/l\/h\/-original-imah4jvfazmdrvfz.jpeg?q=70&crop=false",
        "img5": "http:\/\/rukmini1.flixcart.com\/image\/416\/416\/xif0q\/headphone\/t\/w\/f\/-original-imah4jvfm6sam4tf.jpeg?q=70&crop=false",
        "disp_order": "0",
        "from_csv": 0,
        "verients": []
    },
    {
        "id": "68945e816dd5d",
        "name": "Google Pixel Buds Pro with Active Noise Cancellation Bluetooth Price in India - Buy Google Pixel Buds Pro with Active Noise Cancellation Bluetooth Online - Google : Flipkart.com",
        "color": "",
        "size": "",
        "storage": "",
        "selling_price": "199",
        "mrp": "9999",
        "fetaures": "",
        "img1": "http:\/\/rukmini1.flixcart.com\/image\/416\/416\/xif0q\/headphone\/b\/w\/w\/pixel-buds-pro-with-active-noise-cancellation-google-original-imah3zxwwhuvjuxw.jpeg?q=70",
        "img2": "http:\/\/rukmini1.flixcart.com\/image\/416\/416\/xif0q\/headphone\/g\/4\/4\/-original-imah44cyqymb5gpq.jpeg?q=70",
        "img3": "http:\/\/rukmini1.flixcart.com\/image\/416\/416\/xif0q\/headphone\/m\/7\/b\/-original-imah44cydsym5ghh.jpeg?q=70",
        "img4": "http:\/\/rukmini1.flixcart.com\/image\/416\/416\/xif0q\/headphone\/0\/3\/s\/-original-imah44cysdpvcxdk.jpeg?q=70",
        "img5": "http:\/\/rukmini1.flixcart.com\/image\/416\/416\/xif0q\/headphone\/m\/q\/m\/-original-imah44cyfpp9j4z6.jpeg?q=70",
        "disp_order": "0",
        "from_csv": 0,
        "verients": []
    },
    {
        "id": "6894615479ca3",
        "name": "realme Earbuds Air 7 True Wireless,12.4mm Dynamic Bass Drivers,52Hrs Playtime,52dB Hybrid ANC,6 Mic ENC,45ms Low Latency,360\u00b0 Spatial Audio,Hi-Res LHDC,IP55 Dust &amp; Water Resistant,BT v5.4(SlateGrey)",
        "color": "",
        "size": "",
        "storage": "",
        "selling_price": "129",
        "mrp": "1899",
        "fetaures": "",
        "img1": "https:\/\/m.media-amazon.com\/images\/I\/51ax7VPA30L._SL1080_.jpg",
        "img2": "https:\/\/m.media-amazon.com\/images\/I\/81A-KAVU5OL._SL1500_.jpg",
        "img3": "https:\/\/m.media-amazon.com\/images\/I\/71Zp3k052mL._SL1500_.jpg",
        "img4": "https:\/\/m.media-amazon.com\/images\/I\/71DpzNlOUUL._SL1500_.jpg",
        "img5": "https:\/\/m.media-amazon.com\/images\/I\/51HbucDWUIL._SL1080_.jpg",
        "disp_order": "0",
        "from_csv": 0,
        "verients": []
    },
    {
        "id": "6894626c8335c",
        "name": "JBL Wave Buds 2 Ear Buds Wireless BluetoothV5.3, Active Noise Cancellation EarBuds,Multi Connect, App for Customized Extra Bass Eq, Relax Mode,Speed Charge, 40H Playback, Fast Pair, 4 Mics,IP54(Black)",
        "color": "",
        "size": "",
        "storage": "",
        "selling_price": "199",
        "mrp": "2999",
        "fetaures": "",
        "img1": "https:\/\/m.media-amazon.com\/images\/I\/613Znd0DHhL._SL1500_.jpg",
        "img2": "https:\/\/m.media-amazon.com\/images\/I\/71wMYJxxpUL._SL1334_.jpg",
        "img3": "https:\/\/m.media-amazon.com\/images\/I\/81snyULDefL._SL1500_.jpg",
        "img4": "https:\/\/m.media-amazon.com\/images\/I\/81bVzYZnN8L._SL1500_.jpg",
        "img5": "https:\/\/m.media-amazon.com\/images\/I\/817NQvG-EZL._SL1500_.jpg",
        "disp_order": "0",
        "from_csv": 0,
        "verients": []
    },
    {
        "id": "689462949187e",
        "name": "Samsung Galaxy Buds FE (Graphite)| Powerful Active Noise Cancellation | Enriched Bass Sound | Ergonomic Design | 30-Hour Battery Life",
        "color": "",
        "size": "",
        "storage": "",
        "selling_price": "199",
        "mrp": "5000",
        "fetaures": "",
        "img1": "https:\/\/m.media-amazon.com\/images\/I\/61CeRMMV7+L._SL1500_.jpg",
        "img2": "https:\/\/m.media-amazon.com\/images\/I\/71YZjbcihJL._SL1500_.jpg",
        "img3": "https:\/\/m.media-amazon.com\/images\/I\/71-waiYoz1L._SL1500_.jpg",
        "img4": "https:\/\/m.media-amazon.com\/images\/I\/61NoAMaJztL._SL1500_.jpg",
        "img5": "https:\/\/m.media-amazon.com\/images\/I\/61MNOL3ElPL._SL1500_.jpg",
        "disp_order": "0",
        "from_csv": 0,
        "verients": []
    },
    {
        "id": "689462aac2c42",
        "name": "Mivi SuperPods Immersio[Flagship Launch] | Dolby Audio, 3D Soundstage, 60H Battery, AI-ENC Mic, BT 5.4 | Ear Buds Wireless with Deep Bass, Fast Charging, in-Ear Bluetooth Earbuds",
        "color": "",
        "size": "",
        "storage": "",
        "selling_price": "129",
        "mrp": "2199",
        "fetaures": "",
        "img1": "https:\/\/m.media-amazon.com\/images\/I\/71QAJAs+oqL._SL1500_.jpg",
        "img2": "https:\/\/m.media-amazon.com\/images\/I\/8120K+w4KdL._SL1500_.jpg",
        "img3": "https:\/\/m.media-amazon.com\/images\/I\/71BHX3E+WHL._SL1500_.jpg",
        "img4": "https:\/\/m.media-amazon.com\/images\/I\/81aq3mO1I0L._SL1500_.jpg",
        "img5": "https:\/\/m.media-amazon.com\/images\/I\/81kDF5kuGGL._SL1500_.jpg",
        "disp_order": "0",
        "from_csv": 0,
        "verients": []
    },
    {
        "id": "689462e2daf56",
        "name": "Samsung Galaxy Buds 3 Pro (Silver) with Galaxy AI | Adaptive ANC | Real-time Interpreter | 24-bit Hi-Fi Audio | Up to 37H Battery | IP57",
        "color": "",
        "size": "",
        "storage": "",
        "selling_price": "249",
        "mrp": "24999",
        "fetaures": "",
        "img1": "https:\/\/m.media-amazon.com\/images\/I\/71ke2BEdIhL._SL1500_.jpg",
        "img2": "https:\/\/m.media-amazon.com\/images\/I\/71xB+tcn-ZL._SL1500_.jpg",
        "img3": "https:\/\/m.media-amazon.com\/images\/I\/71RES2HWRHL._SL1500_.jpg",
        "img4": "https:\/\/m.media-amazon.com\/images\/I\/71EpPf9ObQL._SL1500_.jpg",
        "img5": "https:\/\/m.media-amazon.com\/images\/I\/81VobMFc96L._SL1500_.jpg",
        "disp_order": "0",
        "from_csv": 0,
        "verients": []
    },
    {
        "id": "6894630dad892",
        "name": "JBL Vibe Beam in-Ear Wireless Earbuds (TWS) with Mic,App for Customized Extra Bass Eq,32 Hours Battery&amp;Quick Charge,Ip54 Water&amp;Dust Resistance,Ambient Aware&amp;Talk-Thru,Google Fastpair (White)",
        "color": "",
        "size": "",
        "storage": "",
        "selling_price": "129",
        "mrp": "2199",
        "fetaures": "",
        "img1": "https:\/\/m.media-amazon.com\/images\/I\/51kodWuZxrL._SL1500_.jpg",
        "img2": "https:\/\/m.media-amazon.com\/images\/I\/81nyfkN3IYL._SL1500_.jpg",
        "img3": "https:\/\/m.media-amazon.com\/images\/I\/819SFwDxg2L._SL1500_.jpg",
        "img4": "https:\/\/m.media-amazon.com\/images\/I\/81hfx1P6K0L._SL1500_.jpg",
        "img5": "https:\/\/m.media-amazon.com\/images\/I\/81u9Tn--RZL._SL1500_.jpg",
        "disp_order": "0",
        "from_csv": 0,
        "verients": []
    },
    {
        "id": "68946326d80e1",
        "name": "Noise Buds X Ultra in Ear Truly Wireless Earbuds with Hybrid ANC (Up to 45Db), LHDC, 11Mm Driver, 50H of Playtime, 6-Mic ENC, Dual Pairing,in Ear Detection, BT V5.3(Ivory Grey)",
        "color": "",
        "size": "",
        "storage": "",
        "selling_price": "139",
        "mrp": "2799",
        "fetaures": "",
        "img1": "https:\/\/m.media-amazon.com\/images\/I\/61t018LHnaL._SL1500_.jpg",
        "img2": "https:\/\/m.media-amazon.com\/images\/I\/711BIicKoAL._SL1500_.jpg",
        "img3": "https:\/\/m.media-amazon.com\/images\/I\/61XuzwTVwyL._SL1500_.jpg",
        "img4": "https:\/\/m.media-amazon.com\/images\/I\/715BtyuZHCL._SL1500_.jpg",
        "img5": "https:\/\/m.media-amazon.com\/images\/I\/61BwhXP1uML._SL1500_.jpg",
        "from_csv": 0,
        "verients": null
    },
    {
        "id": "68946341c0e03",
        "name": "PHILIPS TAT1108BK\/00 True Wireless Earbuds, in-Ear v5.3 Earphones with Mic, 15H Play Time, Shank Shape, IPX4, Touch Controls &amp; Charging Case for iPhone\/iPad (Black)",
        "color": "",
        "size": "",
        "storage": "",
        "selling_price": "121",
        "mrp": "2249",
        "fetaures": "",
        "img1": "https:\/\/m.media-amazon.com\/images\/I\/61nxbYHTWKL._SL1500_.jpg",
        "img2": "https:\/\/m.media-amazon.com\/images\/I\/61ww0IdrPVL._SL1500_.jpg",
        "img3": "https:\/\/m.media-amazon.com\/images\/I\/81Mp5Wk3KCL._SL1500_.jpg",
        "img4": "https:\/\/m.media-amazon.com\/images\/I\/61YEtrbmkxL._SL1500_.jpg",
        "img5": "https:\/\/m.media-amazon.com\/images\/I\/71cWD73pGML._SL1500_.jpg",
        "disp_order": "0",
        "from_csv": 0,
        "verients": []
    },
    {
        "id": "6894636a0c92f",
        "name": "JBL Wave Beam 2 Ear Buds Wireless BluetoothV5.3, Active Noise Cancellation Earbuds,Multi Connect, App for Customized Extra Bass Eq, Relax Mode,Speed Charge, 40H Playback, Fast Pair,4 Mics,IP54(Black)",
        "color": "",
        "size": "",
        "storage": "",
        "selling_price": "159",
        "mrp": "3299",
        "fetaures": "",
        "img1": "https:\/\/m.media-amazon.com\/images\/I\/61DFgTmj9xL._SL1500_.jpg",
        "img2": "https:\/\/m.media-amazon.com\/images\/I\/510+fhDEYDL._SL1334_.jpg",
        "img3": "https:\/\/m.media-amazon.com\/images\/I\/71VvuBT20BL._SL1334_.jpg",
        "img4": "https:\/\/m.media-amazon.com\/images\/I\/51c1kUHC0kL._SL1500_.jpg",
        "img5": "https:\/\/m.media-amazon.com\/images\/I\/71jPT45OveL._SL1334_.jpg",
        "disp_order": "0",
        "from_csv": 0,
        "verients": []
    },
    {
        "id": "6894638411349",
        "name": "Fastrack Fpods FZ100|BT5.3 TWS Earbuds, Mega 50Hrs Playtime, Extra Deep Bass, Quad Mic ENC for Crystal Clear Calls, Ultra Low Latency Gaming Mode Upto 40ms, 3C NitroFast Charge - 200 Mins in 10 Mins",
        "color": "",
        "size": "",
        "storage": "",
        "selling_price": "245",
        "mrp": "4525",
        "fetaures": "",
        "img1": "https:\/\/m.media-amazon.com\/images\/I\/61vA1oin15L._SL1500_.jpg",
        "img2": "https:\/\/m.media-amazon.com\/images\/I\/81sdCw7ACTL._SL1500_.jpg",
        "img3": "https:\/\/m.media-amazon.com\/images\/I\/71PnB+r6brL._SL1500_.jpg",
        "img4": "https:\/\/m.media-amazon.com\/images\/I\/71Z6QWKpGtL._SL1500_.jpg",
        "img5": "https:\/\/m.media-amazon.com\/images\/I\/7126KSGbwwL._SL1500_.jpg",
        "disp_order": "0",
        "from_csv": 0,
        "verients": []
    },
    {
        "id": "689463aa16a78",
        "name": "realme Buds Air 7 Pro with Ai Live Translation,11mm+6mm Dual-dac Driver,48 Hrs Playtime,53 dB ANC,LHDC,45Ms Low Latency,360\u00b0 Spatial Audio,IP55 Dust &amp; Water Resistant,BT 5.4 (Metallic Grey)",
        "color": "",
        "size": "",
        "storage": "",
        "selling_price": "139",
        "mrp": "4999",
        "fetaures": "",
        "img1": "https:\/\/m.media-amazon.com\/images\/I\/61ieBxHtuKL._SL1500_.jpg",
        "img2": "https:\/\/m.media-amazon.com\/images\/I\/71F9mptiVeL._SL1500_.jpg",
        "img3": "https:\/\/m.media-amazon.com\/images\/I\/61Og19bCXrL._SL1500_.jpg",
        "img4": "https:\/\/m.media-amazon.com\/images\/I\/71QdPZZq2oL._SL1500_.jpg",
        "img5": "https:\/\/m.media-amazon.com\/images\/I\/81aNo0uDWrL._SL1500_.jpg",
        "disp_order": "0",
        "from_csv": 0,
        "verients": []
    },
    {
        "id": "689463e23c17b",
        "name": "JBL Live Pro 2 Premium in Ear Wireless TWS Earbuds, ANC Earbuds, 40Hr Playtime, Dual Connect, Customized Bass with Headphones App, 6 Mics for Clear Calls, Wireless Charging, Alexa Built-in (Black)",
        "color": "",
        "size": "",
        "storage": "",
        "selling_price": "299",
        "mrp": "6699",
        "fetaures": "",
        "img1": "https:\/\/m.media-amazon.com\/images\/I\/51fmWjTwR5L._SL1500_.jpg",
        "img2": "https:\/\/m.media-amazon.com\/images\/I\/81o7cjXG31L._SL1500_.jpg",
        "img3": "https:\/\/m.media-amazon.com\/images\/I\/81PWWT6-q-L._SL1500_.jpg",
        "img4": "https:\/\/m.media-amazon.com\/images\/I\/71CfSlZGx7L._SL1500_.jpg",
        "img5": "https:\/\/m.media-amazon.com\/images\/I\/71IsddWSNbL._SL1500_.jpg",
        "disp_order": "0",
        "from_csv": 0,
        "verients": []
    },
    {
        "id": "689464031f32e",
        "name": "realme Buds Air 7, 12.4mm Dynamic Bass Drivers,52Hrs Playtime, 52dB Hybrid ANC,6 Mic ENC, 45ms Low Latency, 360\u00b0 Spatial Audio, Hi-Res LHDC, IP55 Dust &amp; Water Resistant, BT v5.4 (Ivory Gold)",
        "color": "",
        "size": "",
        "storage": "",
        "selling_price": "155",
        "mrp": "5599",
        "fetaures": "",
        "img1": "https:\/\/m.media-amazon.com\/images\/I\/71BPuhkuNJL._SL1500_.jpg",
        "img2": "https:\/\/m.media-amazon.com\/images\/I\/61eas9AqBkL._SL1500_.jpg",
        "img3": "https:\/\/m.media-amazon.com\/images\/I\/51ax7VPA30L._SL1080_.jpg",
        "img4": "https:\/\/m.media-amazon.com\/images\/I\/81A-KAVU5OL._SL1500_.jpg",
        "img5": "https:\/\/m.media-amazon.com\/images\/I\/71Zp3k052mL._SL1500_.jpg",
        "disp_order": "0",
        "from_csv": 0,
        "verients": []
    },
    {
        "id": "6894641e922cc",
        "name": "Skullcandy Dime Evo Wireless in Ear Earbuds with Preset EQ Modes (Music, Bass Boost, Podcast), Multipoint Pairing, Stay-Aware Mode, 36Hr Playtime + Rapid Charge, Work with Android and iOS- Black",
        "color": "",
        "size": "",
        "storage": "",
        "selling_price": "119",
        "mrp": "4499",
        "fetaures": "",
        "img1": "https:\/\/m.media-amazon.com\/images\/I\/61P1uIoUzHL._SL1500_.jpg",
        "img2": "https:\/\/m.media-amazon.com\/images\/I\/71uiTfLafzL._SL1500_.jpg",
        "img3": "https:\/\/m.media-amazon.com\/images\/I\/71rrFpdzOvL._SL1500_.jpg",
        "img4": "https:\/\/m.media-amazon.com\/images\/I\/7176VcDUwGL._SL1500_.jpg",
        "img5": "https:\/\/m.media-amazon.com\/images\/I\/81wTSM8RZyL._SL1500_.jpg",
        "disp_order": "0",
        "from_csv": 0,
        "verients": []
    },
    {
        "id": "6894648e07c0b",
        "name": "soundcore by Anker Q20i Wireless Bluetooth Over-Ear Headphones with Hybrid Active Noise Cancelling, 40h Playtime in ANC Mode, Hi-Res Audio, Deep Bass, Personalization via App (Black)",
        "color": "",
        "size": "",
        "storage": "",
        "selling_price": "199",
        "mrp": "3699",
        "fetaures": "",
        "img1": "https:\/\/m.media-amazon.com\/images\/I\/51CnDMbXZzL._SL1200_.jpg",
        "img2": "https:\/\/m.media-amazon.com\/images\/I\/71BekPZmVcL._SL1500_.jpg",
        "img3": "https:\/\/m.media-amazon.com\/images\/I\/71KhVynweOL._SL1500_.jpg",
        "img4": "https:\/\/m.media-amazon.com\/images\/I\/71VxtLNVqWL._SL1500_.jpg",
        "img5": "https:\/\/m.media-amazon.com\/images\/I\/71MeyrJd5GL._SL1500_.jpg",
        "disp_order": "0",
        "from_csv": 0,
        "verients": []
    },
    {
        "id": "689464a907a68",
        "name": "Noise Air Clips Wireless Open Ear Earbuds with Chrome Finish, AirWave\u2122 Technology,Up-to 40H Playtime, Dual Device Pairing, Quad Mic with ENC,12mm Driver,BTv5.4 (Pearl Purple)",
        "color": "",
        "size": "",
        "storage": "",
        "selling_price": "199",
        "mrp": "3699",
        "fetaures": "",
        "img1": "https:\/\/m.media-amazon.com\/images\/I\/51tg7gKktrL._SL1500_.jpg",
        "img2": "https:\/\/m.media-amazon.com\/images\/I\/61VSdWErykL._SL1500_.jpg",
        "img3": "https:\/\/m.media-amazon.com\/images\/I\/61tvWcmpVTL._SL1500_.jpg",
        "img4": "https:\/\/m.media-amazon.com\/images\/I\/61DGOtVN8CL._SL1500_.jpg",
        "img5": "https:\/\/m.media-amazon.com\/images\/I\/61xx8UK9guL._SL1500_.jpg",
        "disp_order": "0",
        "from_csv": 0,
        "verients": []
    },
    {
        "id": "689464c077a1a",
        "name": "Apple AirPods 4 Wireless Earbuds, Bluetooth Headphones, Personalised Spatial Audio, Sweat and Water Resistant, USB-C Charging Case, H2 Chip, Up to 30 Hours of Battery Life, Effortless Setup for iPhone",
        "color": "",
        "size": "",
        "storage": "",
        "selling_price": "299",
        "mrp": "21999",
        "fetaures": "",
        "img1": "https:\/\/m.media-amazon.com\/images\/I\/61oCISLE+PL._SL1500_.jpg",
        "img2": "https:\/\/m.media-amazon.com\/images\/I\/51pOjb8cWPL._SL1500_.jpg",
        "img3": "https:\/\/m.media-amazon.com\/images\/I\/71c1ABI5GAL._SL1500_.jpg",
        "img4": "https:\/\/m.media-amazon.com\/images\/I\/61dRXwzEBqL._SL1500_.jpg",
        "img5": "https:\/\/m.media-amazon.com\/images\/I\/715J6Hx8xyL._SL1500_.jpg",
        "disp_order": "0",
        "from_csv": 0,
        "verients": []
    },
    {
        "id": "689464e90a968",
        "name": "GOBOULT Newly Launched Astra Truly Wireless in Ear Earbuds with 48H Playtime, Built-in App Support, 45ms Low Latency Gaming, Breathing LEDs, 13mm Bass Drivers Ear Buds, Made in India (Black Gloss)",
        "color": "",
        "size": "",
        "storage": "",
        "selling_price": "129",
        "mrp": "1199",
        "fetaures": "",
        "img1": "https:\/\/m.media-amazon.com\/images\/I\/71tLPLqcqxL._SL1500_.jpg",
        "img2": "https:\/\/m.media-amazon.com\/images\/I\/81pQwrQZevL._SL1500_.jpg",
        "img3": "https:\/\/m.media-amazon.com\/images\/I\/81j98dtoIrL._SL1500_.jpg",
        "img4": "https:\/\/m.media-amazon.com\/images\/I\/81V9mB8OtJL._SL1500_.jpg",
        "img5": "https:\/\/m.media-amazon.com\/images\/I\/71rCgDk5RZL._SL1500_.jpg",
        "disp_order": "0",
        "from_csv": 0,
        "verients": []
    },
    {
        "id": "68946504d5451",
        "name": "Boult GOBOULT (Previously Z40 Pro with 100H Playtime, Quad Mic ENC, 45ms Low Latency Gaming, Premium Rubber Grip Case, 13mm Bass Drivers, Made in India TWS, Truly Wireless in Ear Earbuds (Midnight)",
        "color": "",
        "size": "",
        "storage": "",
        "selling_price": "129",
        "mrp": "1199",
        "fetaures": "",
        "img1": "https:\/\/m.media-amazon.com\/images\/I\/618nA62EPbL._SL1500_.jpg",
        "img2": "https:\/\/m.media-amazon.com\/images\/I\/71laJ1CEy1L._SL1500_.jpg",
        "img3": "https:\/\/m.media-amazon.com\/images\/I\/812JS5i6MqL._SL1500_.jpg",
        "img4": "https:\/\/m.media-amazon.com\/images\/I\/7120gGBeMAL._SL1500_.jpg",
        "img5": "https:\/\/m.media-amazon.com\/images\/I\/81KeXluR2uL._SL1500_.jpg",
        "from_csv": 0,
        "verients": null
    },
    {
        "id": "68946521cf9d3",
        "name": "Boult GOBOULT (Previously Z40 Pro with 100H Playtime, Quad Mic ENC, 45ms Low Latency Gaming, Premium Rubber Grip Case, 13mm Bass Drivers, Made in India TWS, Truly Wireless in Ear Earbuds (Midnight)",
        "color": "",
        "size": "",
        "storage": "",
        "selling_price": "129",
        "mrp": "1299",
        "fetaures": "",
        "img1": "https:\/\/m.media-amazon.com\/images\/I\/618nA62EPbL._SL1500_.jpg",
        "img2": "https:\/\/m.media-amazon.com\/images\/I\/71laJ1CEy1L._SL1500_.jpg",
        "img3": "https:\/\/m.media-amazon.com\/images\/I\/812JS5i6MqL._SL1500_.jpg",
        "img4": "https:\/\/m.media-amazon.com\/images\/I\/7120gGBeMAL._SL1500_.jpg",
        "img5": "https:\/\/m.media-amazon.com\/images\/I\/81KeXluR2uL._SL1500_.jpg",
        "disp_order": "0",
        "from_csv": 0,
        "verients": []
    },
    {
        "id": "6894653890a7b",
        "name": "GOBOULT Mustang Torq Wireless in Ear Earbuds with 60H Playtime, App Support, Quad Mic ENC, 45ms Low Latency, 13mm Driver, Breathing LEDs,Touch Controls, Made in India, IPX5, Ear buds Wireless (Yellow)",
        "color": "",
        "size": "",
        "storage": "",
        "selling_price": "179",
        "mrp": "1799",
        "fetaures": "",
        "img1": "https:\/\/m.media-amazon.com\/images\/I\/71rbNPgK-RL._SL1500_.jpg",
        "img2": "https:\/\/m.media-amazon.com\/images\/I\/81ywQ93ZQwL._SL1500_.jpg",
        "img3": "https:\/\/m.media-amazon.com\/images\/I\/81d2Ewt2w+L._SL1500_.jpg",
        "img4": "https:\/\/m.media-amazon.com\/images\/I\/818ND4OLSXL._SL1500_.jpg",
        "img5": "https:\/\/m.media-amazon.com\/images\/I\/81lJUx6EqcL._SL1500_.jpg",
        "disp_order": "0",
        "from_csv": 0,
        "verients": []
    },
    {
        "id": "689465469372a",
        "name": "GOBOULT Mustang Dyno Wireless in Ear Earbuds with 60H Playtime, App Support, Dual Pairing, 4 Mics ENC, 45ms Low Latency, 13mm Drivers, Touch Controls, Made in India, IPX5, TWS Ear buds Wireless (Grey)",
        "color": "",
        "size": "",
        "storage": "",
        "selling_price": "179",
        "mrp": "1499",
        "fetaures": "",
        "img1": "https:\/\/m.media-amazon.com\/images\/I\/613mf-3AC8L._SL1440_.jpg",
        "img2": "https:\/\/m.media-amazon.com\/images\/I\/81gkipr731L._SL1500_.jpg",
        "img3": "https:\/\/m.media-amazon.com\/images\/I\/71bMd-8uaqL._SL1440_.jpg",
        "img4": "https:\/\/m.media-amazon.com\/images\/I\/71ylI-N+huL._SL1440_.jpg",
        "img5": "https:\/\/m.media-amazon.com\/images\/I\/71-3M84cvuL._SL1440_.jpg",
        "disp_order": "0",
        "from_csv": 0,
        "verients": []
    },
    {
        "id": "6894656914ab2",
        "name": "Noise Buds N1 Pro in Ear Truly Wireless Earbuds with Metallic Finish, ANC(Upto 30Db), 60H of Playtime, Dual Pairing, Instacharge(10 Min=200 Min), BT V5.3(Chrome Black)",
        "color": "",
        "size": "",
        "storage": "",
        "selling_price": "121",
        "mrp": "1399",
        "fetaures": "",
        "img1": "https:\/\/m.media-amazon.com\/images\/I\/61UNThaGjYL._SL1500_.jpg",
        "img2": "https:\/\/m.media-amazon.com\/images\/I\/710eo6S+R4L._SL1500_.jpg",
        "img3": "https:\/\/m.media-amazon.com\/images\/I\/61AJz8OulOL._SL1500_.jpg",
        "img4": "https:\/\/m.media-amazon.com\/images\/I\/61Ei+d3p5pL._SL1500_.jpg",
        "img5": "https:\/\/m.media-amazon.com\/images\/I\/71ZQ5hKNZlL._SL1500_.jpg",
        "disp_order": "0",
        "from_csv": 0,
        "verients": []
    },
    {
        "id": "689465d854e36",
        "name": "Fastrack Limitless FS2+ Smart Watch, 2.01&#34; UltraVU Display, Functional Crown, SingleSync BT Calling, 110+ Sports Modes, 200+ Smartwatch Faces, Upto 7 Day Battery, AI Voice Assistant (Black)",
        "color": "",
        "size": "",
        "storage": "",
        "selling_price": "199",
        "mrp": "1499",
        "fetaures": "",
        "img1": "https:\/\/m.media-amazon.com\/images\/I\/81RSrpHOiaL._SL1500_.jpg",
        "img2": "https:\/\/m.media-amazon.com\/images\/I\/71iNkb2T2SL._SL1500_.jpg",
        "img3": "https:\/\/m.media-amazon.com\/images\/I\/61ydCCfBF6L._SL1500_.jpg",
        "img4": "https:\/\/m.media-amazon.com\/images\/I\/71W+EyGP58L._SL1500_.jpg",
        "img5": "https:\/\/m.media-amazon.com\/images\/I\/611opsRMz9L._SL1500_.jpg",
        "disp_order": "0",
        "from_csv": 0,
        "verients": []
    },
    {
        "id": "689465e92aa27",
        "name": "boAt Lunar Discovery w\/ 1.39&#34; (3.5 cm) HD Display, Turn-by-Turn Navigation, DIY Watch Face Studio, Bluetooth Calling, Emergency SOS, QR Tray, Smart Watch for Men &amp; Women(Active Black)",
        "color": "",
        "size": "",
        "storage": "",
        "selling_price": "199",
        "mrp": "1199",
        "fetaures": "",
        "img1": "https:\/\/m.media-amazon.com\/images\/I\/71Iit7U1S+L._SL1500_.jpg",
        "img2": "https:\/\/m.media-amazon.com\/images\/I\/81p4TemSyaL._SL1500_.jpg",
        "img3": "https:\/\/m.media-amazon.com\/images\/I\/71Dsjeht53L._SL1500_.jpg",
        "img4": "https:\/\/m.media-amazon.com\/images\/I\/71kTFbThprL._SL1500_.jpg",
        "img5": "https:\/\/m.media-amazon.com\/images\/I\/81F-luyMT-L._SL1500_.jpg",
        "disp_order": "0",
        "from_csv": 0,
        "verients": []
    },
    {
        "id": "689465f555adb",
        "name": "boAt New Launch Storm Infinity Max, 20 Days Maximum Battery, Biggest Battery Capacity Ever! 2.01&#34; (5.1cm) Display, Functional Crown, AI Nudges, BT Calling, Smart Watch for Men &amp; Women (Sky Blue)",
        "color": "",
        "size": "",
        "storage": "",
        "selling_price": "199",
        "mrp": "1399",
        "fetaures": "",
        "img1": "https:\/\/m.media-amazon.com\/images\/I\/719-NipxGNL._SL1500_.jpg",
        "img2": "https:\/\/m.media-amazon.com\/images\/I\/7109SCVld7L._SL1500_.jpg",
        "img3": "https:\/\/m.media-amazon.com\/images\/I\/81bywTviEfL._SL1500_.jpg",
        "img4": "https:\/\/m.media-amazon.com\/images\/I\/71hZwX5mYFL._SL1500_.jpg",
        "img5": "https:\/\/m.media-amazon.com\/images\/I\/71iNiNgBemL._SL1500_.jpg",
        "from_csv": 0,
        "verients": null
    },
    {
        "id": "68946604ca79d",
        "name": "Noise Twist Go Round dial Smartwatch with BT Calling, 1.39&#34; Display, Metal Build, 100+ Watch Faces, IP68, Sleep Tracking, 100+ Sports Modes, 24\/7 Heart Rate Monitoring (Rose Pink)",
        "color": "",
        "size": "",
        "storage": "",
        "selling_price": "199",
        "mrp": "1399",
        "fetaures": "",
        "img1": "https:\/\/m.media-amazon.com\/images\/I\/61Y6E3Y9heL._SL1500_.jpg",
        "img2": "https:\/\/m.media-amazon.com\/images\/I\/71W3+98XDpL._SL1500_.jpg",
        "img3": "https:\/\/m.media-amazon.com\/images\/I\/71-NaAJgkVL._SL1500_.jpg",
        "img4": "https:\/\/m.media-amazon.com\/images\/I\/71uU2UhmtjL._SL1500_.jpg",
        "img5": "https:\/\/m.media-amazon.com\/images\/I\/61s02cHi3tL._SL1500_.jpg",
        "disp_order": "0",
        "from_csv": 0,
        "verients": []
    },
    {
        "id": "689466154c9e4",
        "name": "Fire-Boltt Brillia Smart Watch with 51.3mm (2.02 inch) AMOLED Display, Bluetooth Calling, SpO2, Heart Rate Monitoring, 120+ Sports Modes (Brillia, Beige)",
        "color": "",
        "size": "",
        "storage": "",
        "selling_price": "199",
        "mrp": "1299",
        "fetaures": "",
        "img1": "https:\/\/m.media-amazon.com\/images\/I\/71ubhSeYD0L._SL1500_.jpg",
        "img2": "https:\/\/m.media-amazon.com\/images\/I\/71xYd8OXhFL._SL1500_.jpg",
        "img3": "https:\/\/m.media-amazon.com\/images\/I\/713O1W78BeL._SL1500_.jpg",
        "img4": "https:\/\/m.media-amazon.com\/images\/I\/71HCjFppEzL._SL1500_.jpg",
        "img5": "https:\/\/m.media-amazon.com\/images\/I\/61TdCD+I+LL._SL1500_.jpg",
        "from_csv": 0,
        "verients": null
    },
    {
        "id": "689466265e791",
        "name": "Noise Origin Smart Watch Smoothest UI Experience (New Nebula UI) &amp; EN 1 Processor, 1.46&#34; ApexVision AMOLED Display, Stainless Steel, Contour-Cut Design, Fitness Age, Fast Charging (Silver Grey)",
        "color": "",
        "size": "",
        "storage": "",
        "selling_price": "246",
        "mrp": "5499",
        "fetaures": "",
        "img1": "https:\/\/m.media-amazon.com\/images\/I\/71DFCg4yVBL._SL1500_.jpg",
        "img2": "https:\/\/m.media-amazon.com\/images\/I\/718B48kfraL._SL1500_.jpg",
        "img3": "https:\/\/m.media-amazon.com\/images\/I\/711+PB6QLNL._SL1500_.jpg",
        "img4": "https:\/\/m.media-amazon.com\/images\/I\/71veKxOYybL._SL1500_.jpg",
        "img5": "https:\/\/m.media-amazon.com\/images\/I\/71O6ifXro8L._SL1500_.jpg",
        "disp_order": "0",
        "from_csv": 0,
        "verients": []
    },
    {
        "id": "689466396aa43",
        "name": "Fire-Boltt Rise Smart Watch, 1.85&#34; HD Display, Metal Body with Bluetooth Calling, Rotating Crown, AI Voice Assistant, 120 Sports Modes, Neon UI, SpO2 &amp; Heart Rate Monitoring (Rose Gold Millanese)",
        "color": "",
        "size": "",
        "storage": "",
        "selling_price": "199",
        "mrp": "1399",
        "fetaures": "",
        "img1": "https:\/\/m.media-amazon.com\/images\/I\/81iHDHTaP8L._SL1500_.jpg",
        "img2": "https:\/\/m.media-amazon.com\/images\/I\/7170i4WHVmL._SL1500_.jpg",
        "img3": "https:\/\/m.media-amazon.com\/images\/I\/718GuwLpC9L._SL1500_.jpg",
        "img4": "https:\/\/m.media-amazon.com\/images\/I\/71M+0-f5AeL._SL1500_.jpg",
        "img5": "https:\/\/m.media-amazon.com\/images\/I\/71qacrh31JL._SL1500_.jpg",
        "disp_order": "0",
        "from_csv": 0,
        "verients": []
    },
    {
        "id": "689466755eef5",
        "name": "Noise Pulse 4 Max Smart Watch with AI Create (India&#39;s 1st Ever with Unlimited Watch Faces), AI Search, 1.96&#34; AMOLED Display, Functional Crown, Premium Metallic Finish, Health Suite (Jet Black)",
        "color": "",
        "size": "",
        "storage": "",
        "selling_price": "199",
        "mrp": "2499",
        "fetaures": "",
        "img1": "https:\/\/m.media-amazon.com\/images\/I\/61Iw0g8zYYL._SL1500_.jpg",
        "img2": "https:\/\/m.media-amazon.com\/images\/I\/71JcDJWy8bL._SL1500_.jpg",
        "img3": "https:\/\/m.media-amazon.com\/images\/I\/61rE-uD9e3L._SL1500_.jpg",
        "img4": "https:\/\/m.media-amazon.com\/images\/I\/6189-neiptL._SL1500_.jpg",
        "img5": "https:\/\/m.media-amazon.com\/images\/I\/614SmY-H4AL._SL1500_.jpg",
        "disp_order": "0",
        "from_csv": 0,
        "verients": []
    },
    {
        "id": "689466840d8af",
        "name": "boAt Wave Call Smart Watch w\/Bluetooth Calling, 1.69&#34; (4.2 cm) HD Display w\/ 550 NITS &amp; 70% Color Gamut, 150+ Watch Faces, Multi-Sport Modes,HR,SpO2, IP68(Forest Green)",
        "color": "",
        "size": "",
        "storage": "",
        "selling_price": "199",
        "mrp": "1899",
        "fetaures": "",
        "img1": "https:\/\/m.media-amazon.com\/images\/I\/61zNIEb0T5L._SL1500_.jpg",
        "img2": "https:\/\/m.media-amazon.com\/images\/I\/71nxBrGVp4L._SL1500_.jpg",
        "img3": "https:\/\/m.media-amazon.com\/images\/I\/61ciGGNMEUL._SL1500_.jpg",
        "img4": "https:\/\/m.media-amazon.com\/images\/I\/71wPcg09S3L._SL1500_.jpg",
        "img5": "https:\/\/m.media-amazon.com\/images\/I\/61dG2lmKWDL._SL1500_.jpg",
        "disp_order": "0",
        "from_csv": 0,
        "verients": []
    },
    {
        "id": "68946698655ba",
        "name": "Redmi Watch 5 Active, 2 Display, Metal Body, 18 Day Battery, Bluetooth Calling, Advanced AI Noise Cancellation, Alexa, Silver",
        "color": "",
        "size": "",
        "storage": "",
        "selling_price": "199",
        "mrp": "1899",
        "fetaures": "",
        "img1": "https:\/\/m.media-amazon.com\/images\/I\/6172ejBpFfL._SL1500_.jpg",
        "img2": "https:\/\/m.media-amazon.com\/images\/I\/71a6Nhy8kdL._SL1500_.jpg",
        "img3": "https:\/\/m.media-amazon.com\/images\/I\/61JWzVqq-7L._SL1100_.jpg",
        "img4": "https:\/\/m.media-amazon.com\/images\/I\/510s05DbMTL._SL1100_.jpg",
        "img5": "https:\/\/m.media-amazon.com\/images\/I\/71qGqaINrLL._SL1500_.jpg",
        "disp_order": "0",
        "from_csv": 0,
        "verients": []
    },
    {
        "id": "689466a7c7a33",
        "name": "Redmi Watch 5 Active, 2 Display, Metal Body, 18 Day Battery, Bluetooth Calling, Advanced AI Noise Cancellation, Alexa, Black",
        "color": "",
        "size": "",
        "storage": "",
        "selling_price": "199",
        "mrp": "2199",
        "fetaures": "",
        "img1": "https:\/\/m.media-amazon.com\/images\/I\/61WHvwn1+aL._SL1500_.jpg",
        "img2": "https:\/\/m.media-amazon.com\/images\/I\/71a6Nhy8kdL._SL1500_.jpg",
        "img3": "https:\/\/m.media-amazon.com\/images\/I\/61JWzVqq-7L._SL1100_.jpg",
        "img4": "https:\/\/m.media-amazon.com\/images\/I\/510s05DbMTL._SL1100_.jpg",
        "img5": "https:\/\/m.media-amazon.com\/images\/I\/71qGqaINrLL._SL1500_.jpg",
        "disp_order": "0",
        "from_csv": 0,
        "verients": []
    },
    {
        "id": "689466c0ba9a8",
        "name": "Samsung Galaxy Fit3 Light and Sleek Fitness Band, 13 Days Battery, 100+ Exercises and Sleep Tracking, Dark Gray (Black)",
        "color": "",
        "size": "",
        "storage": "",
        "selling_price": "199",
        "mrp": "4499",
        "fetaures": "",
        "img1": "https:\/\/m.media-amazon.com\/images\/I\/61o3-pf41tL._SL1500_.jpg",
        "img2": "https:\/\/m.media-amazon.com\/images\/I\/71A5S89BGnL._SL1500_.jpg",
        "img3": "https:\/\/m.media-amazon.com\/images\/I\/61mu93zBwbL._SL1500_.jpg",
        "img4": "https:\/\/m.media-amazon.com\/images\/I\/71SkA0vSjxL._SL1500_.jpg",
        "img5": "https:\/\/m.media-amazon.com\/images\/I\/7133e35yppL._SL1500_.jpg",
        "disp_order": "0",
        "from_csv": 0,
        "verients": []
    },
    {
        "id": "689467abb7f2e",
        "name": "Fastrack Limitless Fs2 Pro Smart Watch, 1.96&#34; Super Amoled Arched Display with Functional Crown &amp; Resolution of 410X502, Singlesync Bt Calling, 110+ Sports Modes, 200+ Smartwatch Faces (Black)",
        "color": "",
        "size": "",
        "storage": "",
        "selling_price": "199",
        "mrp": "1899",
        "fetaures": "",
        "img1": "https:\/\/m.media-amazon.com\/images\/I\/71oJxdvyJ7L._SL1500_.jpg",
        "img2": "https:\/\/m.media-amazon.com\/images\/I\/81bUO6LJ79L._SL1500_.jpg",
        "img3": "https:\/\/m.media-amazon.com\/images\/I\/71YdFG6bEUL._SL1500_.jpg",
        "img4": "https:\/\/m.media-amazon.com\/images\/I\/71L07kw0BCL._SL1500_.jpg",
        "img5": "https:\/\/m.media-amazon.com\/images\/I\/71Craht6NHL._SL1500_.jpg",
        "disp_order": "0",
        "from_csv": 0,
        "verients": []
    },
    {
        "id": "689467e3ea407",
        "name": "boAt Aavante 2.1 2000, 200W, EQ Modes, Multi Compatibility, Premium Design, Remote Control, v5.4 Bluetooth Sound bar, Home Theatre Soundbar Speaker(Premium Black)",
        "color": "",
        "size": "",
        "storage": "",
        "selling_price": "249",
        "mrp": "5599",
        "fetaures": "",
        "img1": "https:\/\/m.media-amazon.com\/images\/I\/71Wrs49loGL._SL1500_.jpg",
        "img2": "https:\/\/m.media-amazon.com\/images\/I\/91i4K0S80lL._SL1500_.jpg",
        "img3": "https:\/\/m.media-amazon.com\/images\/I\/81upKuWYZ4L._SL1500_.jpg",
        "img4": "https:\/\/m.media-amazon.com\/images\/I\/717dRPWqR0L._SL1500_.jpg",
        "img5": "https:\/\/m.media-amazon.com\/images\/I\/61CqhDVCIJL._SL1500_.jpg",
        "disp_order": "0",
        "from_csv": 0,
        "verients": []
    },
    {
        "id": "689467f566d77",
        "name": "Mivi Fort Hip-Hop 4000 400Watts Premium Home Theatre Soundbar [New Launch], 5.1 Channel, Multiple EQ &amp; Input Modes, BT v5.3, Remote Accessibility, Made in India Sound bar",
        "color": "",
        "size": "",
        "storage": "",
        "selling_price": "249",
        "mrp": "6699",
        "fetaures": "",
        "img1": "https:\/\/m.media-amazon.com\/images\/I\/81sldAyi9YL._SL1500_.jpg",
        "img2": "https:\/\/m.media-amazon.com\/images\/I\/51I4UqlPzYL._SL1000_.jpg",
        "img3": "https:\/\/m.media-amazon.com\/images\/I\/517ygymEWyL._SL1000_.jpg",
        "img4": "https:\/\/m.media-amazon.com\/images\/I\/61l9BEOSKSL._SL1000_.jpg",
        "img5": "https:\/\/m.media-amazon.com\/images\/I\/51ThyYsPbRL._SL1000_.jpg",
        "disp_order": "0",
        "from_csv": 0,
        "verients": []
    },
    {
        "id": "6894680c301ca",
        "name": "boAt Aavante 2.1 2000, 200W, EQ Modes, Multi Compatibility, Premium Design, Remote Control, v5.4 Bluetooth Sound bar, Home Theatre Soundbar Speaker(Premium Black)",
        "color": "",
        "size": "",
        "storage": "",
        "selling_price": "249",
        "mrp": "7000",
        "fetaures": "",
        "img1": "https:\/\/m.media-amazon.com\/images\/I\/71Wrs49loGL._SL1500_.jpg",
        "img2": "https:\/\/m.media-amazon.com\/images\/I\/91i4K0S80lL._SL1500_.jpg",
        "img3": "https:\/\/m.media-amazon.com\/images\/I\/81upKuWYZ4L._SL1500_.jpg",
        "img4": "https:\/\/m.media-amazon.com\/images\/I\/717dRPWqR0L._SL1500_.jpg",
        "img5": "https:\/\/m.media-amazon.com\/images\/I\/61CqhDVCIJL._SL1500_.jpg",
        "disp_order": "0",
        "from_csv": 0,
        "verients": []
    },
    {
        "id": "6894681abf700",
        "name": "Samsung Soundbar (HW-C45E\/XL) 2.1 Channel, 300W, Dolby Digital, 3 Speakers, Wireless Subwoofer, Bluetooth Enabled and DTS Virtual X Experience Sound (Black)",
        "color": "",
        "size": "",
        "storage": "",
        "selling_price": "249",
        "mrp": "10000",
        "fetaures": "",
        "img1": "https:\/\/m.media-amazon.com\/images\/I\/41QhWiCJsCL._SL1500_.jpg",
        "img2": "https:\/\/m.media-amazon.com\/images\/I\/71dt1H3PW9L._SL1500_.jpg",
        "img3": "https:\/\/m.media-amazon.com\/images\/I\/815LQq7caNL._SL1500_.jpg",
        "img4": "https:\/\/m.media-amazon.com\/images\/I\/71aAuz9NyTL._SL1500_.jpg",
        "img5": "https:\/\/m.media-amazon.com\/images\/I\/71h6aJf3g3L._SL1500_.jpg",
        "disp_order": "0",
        "from_csv": 0,
        "verients": []
    },
    {
        "id": "6894682b21691",
        "name": "ZEBRONICS Juke BAR 6500, Dolby Soundbar, 200 Watts, Virtual 5.1 Surround, Dolby Audio, Dual Driver Soundbar, 5.25&#34; Subwoofer, Bluetooth | HDMI (ARC) | Optical | USB | AUX",
        "color": "",
        "size": "",
        "storage": "",
        "selling_price": "249",
        "mrp": "7899",
        "fetaures": "",
        "img1": "https:\/\/m.media-amazon.com\/images\/I\/719CmdY6+OL._SL1500_.jpg",
        "img2": "https:\/\/m.media-amazon.com\/images\/I\/61SNATEajkL._SL1500_.jpg",
        "img3": "https:\/\/m.media-amazon.com\/images\/I\/71DaPbv4WZL._SL1500_.jpg",
        "img4": "https:\/\/m.media-amazon.com\/images\/I\/81fnHtCU1pL._SL1500_.jpg",
        "img5": "https:\/\/m.media-amazon.com\/images\/I\/81mPyb7gS3L._SL1500_.jpg",
        "disp_order": "0",
        "from_csv": 0,
        "verients": []
    },
    {
        "id": "6894683ea776a",
        "name": "Sonos Beam (Gen 2) | Soundbar with Dolby Atmos, Amazon Alexa for TV and Music Streaming - Black",
        "color": "",
        "size": "",
        "storage": "",
        "selling_price": "599",
        "mrp": "49999",
        "fetaures": "",
        "img1": "https:\/\/m.media-amazon.com\/images\/I\/41GILiIfFVL._SL1500_.jpg",
        "img2": "https:\/\/m.media-amazon.com\/images\/I\/41hc6L1ZMvL._SL1500_.jpg",
        "img3": "https:\/\/m.media-amazon.com\/images\/I\/31uGColm+jL._SL1500_.jpg",
        "img4": "https:\/\/m.media-amazon.com\/images\/I\/41tWCYq65jL._SL1500_.jpg",
        "img5": "https:\/\/m.media-amazon.com\/images\/I\/71+GN-d7p1L._SL1500_.jpg",
        "disp_order": "0",
        "from_csv": 0,
        "verients": []
    },
    {
        "id": "68946852e8611",
        "name": "GOVO GOSURROUND 970 | 525W Soundbar, 5.1 Channel Home Theatre with Dolby Audio, 6.5&#34; subwoofer, Opt, AUX, USB &amp; Bluetooth, 5 Equalizer Modes, Stylish Remote &amp; LED Display (Platinum Black)",
        "color": "",
        "size": "",
        "storage": "",
        "selling_price": "249",
        "mrp": "11999",
        "fetaures": "",
        "img1": "https:\/\/m.media-amazon.com\/images\/I\/61Nt80mZ+qL._SL1500_.jpg",
        "img2": "https:\/\/m.media-amazon.com\/images\/I\/61pWgo5Wz+L._SL1200_.jpg",
        "img3": "https:\/\/m.media-amazon.com\/images\/I\/612GC25prmL._SL1200_.jpg",
        "img4": "https:\/\/m.media-amazon.com\/images\/I\/61SofK4WWhL._SL1200_.jpg",
        "img5": "https:\/\/m.media-amazon.com\/images\/I\/611sf3AiNUL._SL1200_.jpg",
        "from_csv": 0,
        "verients": null
    }
]